,id,domain,latency1,latency2,latency3,latency4
0,1.0,google.com,210.5569839477539,32.280921936035156,32.070159912109375,32.32002258300781
1,2.0,netflix.com,217.69094467163086,32.24802017211914,32.115936279296875,32.17196464538574
2,,,210.5271816253662,32.35507011413574,32.086849212646484,32.20510482788086
3,,,0.7069110870361328,0.7059574127197266,0.8001327514648438,0.7879734039306641
4,,,0.7140636444091797,0.7710456848144531,0.7150173187255859,0.7100105285644531
5,,,0.7021427154541016,0.6799697875976562,0.7190704345703125,0.7309913635253906
6,,,0.6799697875976562,0.7331371307373047,0.7231235504150391,0.6740093231201172
7,,,0.7050037384033203,0.6990432739257812,0.7500648498535156,0.7150173187255859
8,,,0.7140636444091797,0.6761550903320312,0.6909370422363281,0.7131099700927734
9,,,0.7131099700927734,0.7541179656982422,0.7340908050537109,0.6999969482421875
10,,,0.6968975067138672,0.720977783203125,0.7159709930419922,0.7600784301757812
11,,,0.6930828094482422,0.6761550903320312,0.6930828094482422,0.7288455963134766
12,,,0.8089542388916016,0.7188320159912109,0.7710456848144531,0.7138252258300781
13,,,0.7059574127197266,0.7319450378417969,1.3620853424072266,0.7748603820800781
14,,,0.7121562957763672,0.6568431854248047,0.8189678192138672,0.7390975952148438
15,,,0.7090568542480469,0.7112026214599609,0.7221698760986328,0.7331371307373047
16,,,0.7100105285644531,0.782012939453125,0.7159709930419922,0.6628036499023438
17,,,0.6740093231201172,0.7278919219970703,0.720977783203125,0.7181167602539062
18,,,0.7028579711914062,0.7050037384033203,0.7100105285644531,0.7169246673583984
19,,,0.7622241973876953,0.7798671722412109,0.701904296875,0.7081031799316406
20,,,0.7171630859375,0.7278919219970703,0.6899833679199219,0.7290840148925781
21,,,0.6699562072753906,0.6909370422363281,0.7450580596923828,0.6711483001708984
22,,,0.7081031799316406,0.7379055023193359,0.7150173187255859,0.7178783416748047
23,,,0.7090568542480469,0.7388591766357422,0.7801055908203125,0.6730556488037109
24,,,0.6871223449707031,0.7359981536865234,0.6649494171142578,0.7128715515136719
25,,,0.6971359252929688,0.7140636444091797,0.7119178771972656,0.7069110870361328
26,,,0.7441043853759766,0.7581710815429688,0.7061958312988281,0.7510185241699219
27,,,0.6949901580810547,0.7419586181640625,0.7090568542480469,0.7359981536865234
28,,,0.7300376892089844,0.6859302520751953,0.7419586181640625,0.720977783203125
29,,,0.6880760192871094,0.7188320159912109,0.7109642028808594,0.7159709930419922
30,,,0.6909370422363281,0.7359981536865234,0.7040500640869141,0.6887912750244141
31,,,0.6840229034423828,0.698089599609375,0.6608963012695312,0.7190704345703125
32,,,0.6852149963378906,0.7190704345703125,0.7090568542480469,0.7219314575195312
33,,,0.7250308990478516,0.7681846618652344,0.7050037384033203,0.6999969482421875
34,,,0.7419586181640625,0.7300376892089844,0.6921291351318359,0.7328987121582031
35,,,0.9551048278808594,0.67901611328125,0.7579326629638672,0.7278919219970703
36,,,0.7278919219970703,0.7271766662597656,0.6968975067138672,0.7259845733642578
37,,,0.6930828094482422,0.7500648498535156,0.7300376892089844,0.7009506225585938
38,,,0.6890296936035156,0.6549358367919922,0.7059574127197266,0.7269382476806641
39,,,0.6780624389648438,0.7140636444091797,0.7040500640869141,0.7059574127197266
40,,,0.7350444793701172,0.7619857788085938,0.7519721984863281,0.6721019744873047
41,,,0.6539821624755859,0.7200241088867188,0.7069110870361328,0.8070468902587891
42,,,0.6909370422363281,0.7081031799316406,0.7538795471191406,0.7529258728027344
43,,,0.6849765777587891,0.7638931274414062,0.7150173187255859,0.7379055023193359
44,,,0.6930828094482422,0.762939453125,0.7100105285644531,0.7507801055908203
45,,,0.6880760192871094,0.6530284881591797,0.7030963897705078,0.7228851318359375
46,,,0.6868839263916016,0.7178783416748047,0.7350444793701172,0.7278919219970703
47,,,0.7379055023193359,0.7569789886474609,0.7169246673583984,0.6940364837646484
48,,,0.7410049438476562,0.720977783203125,0.6830692291259766,0.7250308990478516
49,,,0.7169246673583984,0.6527900695800781,0.7390975952148438,0.7200241088867188
50,,,0.6830692291259766,0.7410049438476562,0.7050037384033203,0.7259845733642578
51,,,0.7040500640869141,0.6840229034423828,0.7119178771972656,0.762939453125
52,,,0.6759166717529297,0.6589889526367188,0.7150173187255859,0.7271766662597656
53,,,0.6871223449707031,0.7321834564208984,0.7369518280029297,0.7271766662597656
54,,,0.7498264312744141,0.7870197296142578,0.6880760192871094,0.7219314575195312
55,,,0.6780624389648438,0.7278919219970703,0.6799697875976562,0.7309913635253906
56,,,0.6759166717529297,0.7030963897705078,0.7729530334472656,0.7190704345703125
57,,,0.6840229034423828,0.7569789886474609,0.7250308990478516,0.6680488586425781
58,,,0.7090568542480469,0.7340908050537109,0.7090568542480469,0.7710456848144531
59,,,0.6508827209472656,0.7159709930419922,0.8640289306640625,0.7450580596923828
60,,,0.6611347198486328,0.720977783203125,0.7200241088867188,0.7200241088867188
61,,,0.782012939453125,0.7231235504150391,0.6978511810302734,0.6809234619140625
62,,,0.6930828094482422,0.6840229034423828,0.6530284881591797,0.7281303405761719
63,,,0.6768703460693359,0.6780624389648438,0.7851123809814453,0.7278919219970703
64,,,0.6861686706542969,0.7679462432861328,0.7090568542480469,0.682830810546875
65,,,0.7331371307373047,0.7178783416748047,0.6518363952636719,0.762939453125
66,,,0.6780624389648438,0.6890296936035156,0.7269382476806641,0.7491111755371094
67,,,0.6861686706542969,0.7219314575195312,0.7181167602539062,0.7178783416748047
68,,,0.6868839263916016,0.7390975952148438,0.7090568542480469,0.6620883941650391
69,,,0.6949901580810547,0.6489753723144531,0.6940364837646484,0.7021427154541016
70,,,0.6520748138427734,0.7319450378417969,0.7710456848144531,0.6940364837646484
71,,,0.7009506225585938,0.7791519165039062,0.7088184356689453,0.6561279296875
72,,,0.7510185241699219,0.7381439208984375,0.7190704345703125,0.7748603820800781
73,,,0.7169246673583984,0.701904296875,0.7929801940917969,0.7200241088867188
74,,,0.6530284881591797,0.7200241088867188,0.7321834564208984,0.7140636444091797
75,,,0.6499290466308594,0.7288455963134766,0.7100105285644531,0.7939338684082031
76,,,0.6799697875976562,0.6818771362304688,0.6761550903320312,0.7300376892089844
77,,,0.6840229034423828,0.7259845733642578,0.7550716400146484,0.7171630859375
78,,,0.7278919219970703,0.7929801940917969,0.7169246673583984,0.659942626953125
79,,,0.7269382476806641,0.7081031799316406,0.6508827209472656,0.7910728454589844
80,,,0.6539821624755859,0.6999969482421875,0.7178783416748047,0.7159709930419922
81,,,0.6861686706542969,0.7729530334472656,0.7150173187255859,0.7228851318359375
82,,,0.6749629974365234,0.7410049438476562,0.7121562957763672,0.7798671722412109
83,,,0.6988048553466797,0.6592273712158203,0.6680488586425781,0.7510185241699219
84,,,0.6489753723144531,0.7319450378417969,0.7760524749755859,0.7259845733642578
85,,,0.6821155548095703,0.7920265197753906,0.7159709930419922,0.6558895111083984
86,,,0.74005126953125,0.6918907165527344,0.6830692291259766,0.7240772247314453
87,,,0.6999969482421875,0.6849765777587891,0.6971359252929688,0.7350444793701172
88,,,0.7181167602539062,0.7450580596923828,0.7159709930419922,0.7390975952148438
89,,,0.6818771362304688,0.6902217864990234,0.743865966796875,0.7259845733642578
90,,,0.7050037384033203,0.6518363952636719,0.6990432739257812,0.7359981536865234
91,,,0.7038116455078125,0.6768703460693359,0.762939453125,0.7328987121582031
92,,,0.6799697875976562,0.7369518280029297,0.6988048553466797,0.7119178771972656
93,,,0.6890296936035156,0.6761550903320312,0.6968975067138672,0.7359981536865234
94,,,0.6921291351318359,0.6520748138427734,0.7238388061523438,0.7159709930419922
95,,,0.6852149963378906,0.6768703460693359,0.7238388061523438,0.6918907165527344
96,,,0.7259845733642578,0.6780624389648438,0.720977783203125,0.7410049438476562
97,,,0.7829666137695312,0.6890296936035156,0.7250308990478516,0.7510185241699219
98,,,0.6558895111083984,0.67901611328125,0.8420944213867188,0.7319450378417969
99,,,0.6959438323974609,0.7359981536865234,0.7059574127197266,0.6849765777587891
100,,,0.7278919219970703,0.6768703460693359,0.6899833679199219,0.7150173187255859
101,,,0.7100105285644531,0.6759166717529297,0.7269382476806641,0.7169246673583984
102,,,0.6821155548095703,0.6759166717529297,0.7171630859375,1.0647773742675781
103,,,0.6759166717529297,0.6787776947021484,0.7240772247314453,0.7259845733642578
104,,,0.7469654083251953,0.8080005645751953,0.6818771362304688,0.6721019744873047
105,,,0.6489753723144531,0.7081031799316406,0.7700920104980469,0.7300376892089844
106,,,0.7121562957763672,0.7281303405761719,0.7221698760986328,0.7140636444091797
107,,,0.7138252258300781,0.6518363952636719,0.6937980651855469,0.7169246673583984
108,,,0.6999969482421875,0.6759166717529297,0.7309913635253906,0.7688999176025391
109,,,0.6618499755859375,0.6499290466308594,0.7181167602539062,0.6890296936035156
110,,,0.6880760192871094,0.6530284881591797,0.7228851318359375,0.7448196411132812
111,,,0.7851123809814453,0.6511211395263672,0.6690025329589844,0.7259845733642578
112,,,0.6489753723144531,0.6749629974365234,0.7710456848144531,0.7169246673583984
113,,,0.6859302520751953,0.7259845733642578,0.7119178771972656,0.7779598236083984
114,,,0.6918907165527344,0.6780624389648438,0.6759166717529297,0.7238388061523438
115,,,0.7090568542480469,0.6780624389648438,0.7021427154541016,0.7171630859375
116,,,0.6840229034423828,0.6480216979980469,0.7309913635253906,0.6999969482421875
117,,,0.6959438323974609,0.6530284881591797,0.6949901580810547,0.6990432739257812
118,,,0.7648468017578125,0.6480216979980469,0.6730556488037109,0.6961822509765625
119,,,0.6499290466308594,0.6730556488037109,0.7719993591308594,0.6940364837646484
120,,,0.682830810546875,0.762939453125,0.7200241088867188,0.762939453125
121,,,0.701904296875,0.6830692291259766,0.7040500640869141,0.6859302520751953
122,,,0.6921291351318359,0.6740093231201172,0.7278919219970703,0.6968975067138672
123,,,0.6840229034423828,0.6749629974365234,0.7338523864746094,0.6971359252929688
124,,,0.7231235504150391,0.6501674652099609,0.7071495056152344,0.6968975067138672
125,,,0.7479190826416016,0.6771087646484375,0.7240772247314453,0.7410049438476562
126,,,0.6821155548095703,0.6771087646484375,0.7891654968261719,0.698089599609375
127,,,0.7088184356689453,0.7159709930419922,0.7259845733642578,0.7460117340087891
128,,,0.7081031799316406,0.6802082061767578,0.7119178771972656,0.698089599609375
129,,,0.7200241088867188,0.6511211395263672,0.7159709930419922,0.6961822509765625
130,,,0.6909370422363281,0.6761550903320312,0.720977783203125,0.6930828094482422
131,,,0.6871223449707031,0.7040500640869141,0.7181167602539062,0.8449554443359375
132,,,0.7550716400146484,0.6868839263916016,0.7140636444091797,1.1730194091796875
133,,,0.6709098815917969,0.6511211395263672,0.7910728454589844,1.0528564453125
134,,,0.7050037384033203,0.6499290466308594,0.7121562957763672,0.7259845733642578
135,,,0.7059574127197266,0.6799697875976562,0.6978511810302734,0.7061958312988281
136,,,0.7140636444091797,0.6520748138427734,0.7169246673583984,0.7140636444091797
137,,,0.8139610290527344,0.7119178771972656,0.7159709930419922,0.7069110870361328
138,,,0.7228851318359375,0.7770061492919922,0.7181167602539062,0.698089599609375
139,,,0.7028579711914062,0.6868839263916016,0.7040500640869141,0.9119510650634766
140,,,0.6568431854248047,0.6480216979980469,0.7410049438476562,1.0039806365966797
141,,,0.7278919219970703,0.6959438323974609,0.7090568542480469,0.9191036224365234
142,,,0.6501674652099609,0.6799697875976562,0.7159709930419922,0.7638931274414062
143,,,0.6527900695800781,0.6530284881591797,0.6830692291259766,0.6959438323974609
144,,,0.7190704345703125,0.6489753723144531,0.7140636444091797,0.7030963897705078
145,,,0.6840229034423828,0.7259845733642578,0.7121562957763672,0.7081031799316406
146,,,0.7359981536865234,0.7119178771972656,0.6680488586425781,0.7190704345703125
147,,,0.6530284881591797,0.6670951843261719,0.7781982421875,0.6871223449707031
148,,,0.6859302520751953,0.6928443908691406,0.7059574127197266,0.6589889526367188
149,,,0.6840229034423828,0.6999969482421875,0.6990432739257812,0.7519721984863281
150,,,0.6909370422363281,0.7109642028808594,0.7321834564208984,0.6999969482421875
151,,,0.7040500640869141,0.6799697875976562,0.7319450378417969,0.6990432739257812
152,,,0.6868839263916016,0.7688999176025391,0.7059574127197266,0.6949901580810547
153,,,0.7340908050537109,0.7269382476806641,0.7240772247314453,0.7569789886474609
154,,,0.6849765777587891,0.6880760192871094,0.7600784301757812,0.6959438323974609
155,,,0.682830810546875,0.7119178771972656,0.720977783203125,0.7059574127197266
156,,,0.6909370422363281,0.7240772247314453,0.6489753723144531,0.7488727569580078
157,,,0.7379055023193359,0.6711483001708984,0.7078647613525391,0.6990432739257812
158,,,0.6880760192871094,0.701904296875,0.7340908050537109,0.7300376892089844
159,,,0.6849765777587891,0.7839202880859375,0.72479248046875,0.74005126953125
160,,,0.762939453125,0.6959438323974609,0.6890296936035156,0.7328987121582031
161,,,0.6937980651855469,0.6718635559082031,0.7710456848144531,0.6978511810302734
162,,,0.6852149963378906,0.7138252258300781,0.7147789001464844,0.6909370422363281
163,,,0.6811618804931641,0.7140636444091797,0.6458759307861328,0.7979869842529297
164,,,0.7481575012207031,0.6580352783203125,0.7150173187255859,0.7190704345703125
165,,,0.6530284881591797,0.7250308990478516,0.7181167602539062,0.7748603820800781
166,,,0.6849765777587891,0.7579326629638672,0.6988048553466797,0.7081031799316406
167,,,0.6849765777587891,0.6968975067138672,0.6690025329589844,0.7300376892089844
168,,,0.6940364837646484,0.6890296936035156,0.7619857788085938,0.7259845733642578
169,,,0.6859302520751953,0.7159709930419922,0.7109642028808594,0.7770061492919922
170,,,0.6489753723144531,0.7619857788085938,0.6470680236816406,0.7419586181640625
171,,,0.7290840148925781,0.6539821624755859,0.7100105285644531,0.6799697875976562
172,,,0.6518363952636719,0.6711483001708984,0.7441043853759766,0.7131099700927734
173,,,0.6489753723144531,0.7541179656982422,0.7059574127197266,0.7259845733642578
174,,,0.6730556488037109,0.6818771362304688,0.6837844848632812,0.7560253143310547
175,,,0.7097721099853516,0.6811618804931641,0.7598400115966797,0.7219314575195312
176,,,0.6840229034423828,0.7240772247314453,0.7081031799316406,0.7081031799316406
177,,,0.7178783416748047,0.7188320159912109,0.698089599609375,0.7879734039306641
178,,,0.7288455963134766,0.6570816040039062,0.6489753723144531,0.7262229919433594
179,,,0.6909370422363281,0.6859302520751953,0.6830692291259766,0.7138252258300781
180,,,0.6830692291259766,0.7741451263427734,0.6902217864990234,0.7750988006591797
181,,,0.6849765777587891,0.6868839263916016,0.6508827209472656,0.7398128509521484
182,,,0.7460117340087891,0.6849765777587891,0.7369518280029297,0.7138252258300781
183,,,0.6499290466308594,0.7779598236083984,0.6849765777587891,0.7119178771972656
184,,,0.6759166717529297,0.7309913635253906,0.6880760192871094,0.7719993591308594
185,,,0.6809234619140625,0.6639957427978516,0.6911754608154297,0.7410049438476562
186,,,0.6909370422363281,0.7441043853759766,0.7040500640869141,0.7178783416748047
187,,,0.6580352783203125,0.7882118225097656,0.6508827209472656,0.7410049438476562
188,,,0.6499290466308594,0.7131099700927734,0.9601116180419922,0.7271766662597656
189,,,0.7390975952148438,0.6799697875976562,0.9129047393798828,0.7359981536865234
190,,,0.6868839263916016,0.7660388946533203,0.6937980651855469,0.659942626953125
191,,,0.6740093231201172,0.7159709930419922,0.6899833679199219,0.7488727569580078
192,,,0.7090568542480469,0.7870197296142578,0.7328987121582031,0.7388591766357422
193,,,0.7379055023193359,0.7228851318359375,0.6928443908691406,0.7450580596923828
194,,,0.6840229034423828,0.7300376892089844,0.6868839263916016,0.7309913635253906
195,,,0.7109642028808594,0.6749629974365234,0.6890296936035156,0.7340908050537109
196,,,0.7548332214355469,0.67901611328125,0.7410049438476562,0.7297992706298828
197,,,0.7030963897705078,0.7297992706298828,0.6868839263916016,0.7119178771972656
198,,,0.6749629974365234,0.6890296936035156,0.6811618804931641,0.7388591766357422
199,,,0.7028579711914062,0.7190704345703125,0.7369518280029297,0.7350444793701172
200,,,0.7541179656982422,0.7138252258300781,0.6818771362304688,0.7040500640869141
201,,,0.6899833679199219,0.7021427154541016,0.6859302520751953,0.7550716400146484
202,,,0.7228851318359375,0.6949901580810547,0.6840229034423828,0.7269382476806641
203,,,0.7550716400146484,0.7290840148925781,0.7390975952148438,0.7259845733642578
204,,,0.7200241088867188,0.7600784301757812,0.74005126953125,0.6830692291259766
205,,,0.6821155548095703,0.7081031799316406,0.9989738464355469,0.720977783203125
206,,,0.7100105285644531,0.6780624389648438,0.7219314575195312,0.7181167602539062
207,,,0.7078647613525391,0.7021427154541016,0.6511211395263672,0.7050037384033203
208,,,0.7171630859375,0.6909370422363281,0.7131099700927734,0.7719993591308594
209,,,0.7078647613525391,0.7069110870361328,0.6890296936035156,0.7188320159912109
210,,,0.8060932159423828,0.7131099700927734,0.6821155548095703,0.72479248046875
211,,,0.6999969482421875,0.7572174072265625,0.6749629974365234,0.6949901580810547
212,,,0.6949901580810547,0.6928443908691406,0.6799697875976562,0.7238388061523438
213,,,0.7100105285644531,0.6890296936035156,0.7228851318359375,0.720977783203125
214,,,0.7109642028808594,0.720977783203125,0.6799697875976562,0.6659030914306641
215,,,0.6830692291259766,0.7331371307373047,0.7328987121582031,0.7641315460205078
216,,,0.7030963897705078,0.6999969482421875,0.6880760192871094,0.7250308990478516
217,,,0.7581710815429688,0.7259845733642578,0.6549358367919922,0.7538795471191406
218,,,0.6771087646484375,0.7641315460205078,0.6511211395263672,0.7748603820800781
219,,,0.7009506225585938,0.7381439208984375,0.6899833679199219,0.7371902465820312
220,,,0.7128715515136719,0.6918907165527344,0.7891654968261719,0.7259845733642578
221,,,0.7081031799316406,0.6778240203857422,0.7250308990478516,0.6849765777587891
222,,,0.6759166717529297,0.6570816040039062,0.7269382476806641,0.7290840148925781
223,,,0.7078647613525391,0.6570816040039062,0.6549358367919922,0.7240772247314453
224,,,0.7600784301757812,0.6799697875976562,0.6999969482421875,0.7460117340087891
225,,,0.6799697875976562,0.7321834564208984,0.7028579711914062,0.7641315460205078
226,,,0.7410049438476562,0.6759166717529297,0.7231235504150391,0.7259845733642578
227,,,0.7119178771972656,0.6761550903320312,0.762939453125,0.7269382476806641
228,,,0.6990432739257812,0.6809234619140625,0.7128715515136719,0.7131099700927734
229,,,0.6799697875976562,0.6840229034423828,0.9009838104248047,0.7278919219970703
230,,,0.7128715515136719,0.6868839263916016,0.804901123046875,0.7219314575195312
231,,,0.7560253143310547,0.6799697875976562,0.7479190826416016,0.7162094116210938
232,,,0.6768703460693359,0.7407665252685547,0.7238388061523438,0.7429122924804688
233,,,0.6959438323974609,0.6840229034423828,0.7798671722412109,0.7090568542480469
234,,,0.7100105285644531,0.6799697875976562,0.7038116455078125,0.7297992706298828
235,,,0.7278919219970703,0.6811618804931641,0.6959438323974609,0.6580352783203125
236,,,0.6880760192871094,0.7600784301757812,0.6999969482421875,0.7221698760986328
237,,,0.7219314575195312,0.6861686706542969,0.7610321044921875,0.7200241088867188
238,,,0.762939453125,0.6520748138427734,0.7259845733642578,0.7090568542480469
239,,,0.7081031799316406,0.6799697875976562,0.6601810455322266,0.7638931274414062
240,,,0.6999969482421875,0.6821155548095703,0.6880760192871094,0.7638931274414062
241,,,0.7028579711914062,0.6551742553710938,0.6930828094482422,0.7150173187255859
242,,,0.7059574127197266,0.6501674652099609,0.6861686706542969,0.6890296936035156
243,,,0.7262229919433594,0.743865966796875,0.6861686706542969,0.7109642028808594
244,,,0.7188320159912109,0.6811618804931641,0.7281303405761719,0.7100105285644531
245,,,0.7429122924804688,0.6539821624755859,0.698089599609375,0.6959438323974609
246,,,0.7319450378417969,0.6778240203857422,0.6699562072753906,0.7619857788085938
247,,,0.6859302520751953,0.6551742553710938,0.6940364837646484,0.7240772247314453
248,,,0.7150173187255859,0.6520748138427734,0.6740093231201172,0.6971359252929688
249,,,0.7090568542480469,0.6518363952636719,0.6840229034423828,0.6940364837646484
250,,,0.6840229034423828,0.7269382476806641,0.6880760192871094,0.7288455963134766
251,,,0.7100105285644531,0.6818771362304688,0.7491111755371094,0.7228851318359375
252,,,0.759124755859375,0.7159709930419922,0.6580352783203125,0.6589889526367188
253,,,0.7100105285644531,0.6570816040039062,0.6639957427978516,0.7431507110595703
254,,,0.7169246673583984,0.6809234619140625,0.7278919219970703,0.7140636444091797
255,,,0.7131099700927734,0.6890296936035156,0.7100105285644531,0.7140636444091797
256,,,0.7221698760986328,0.67901611328125,0.6937980651855469,0.6968975067138672
257,,,0.7090568542480469,0.7429122924804688,0.6999969482421875,0.7660388946533203
258,,,0.7178783416748047,0.6871223449707031,0.7510185241699219,0.7178783416748047
259,,,0.7929801940917969,0.6530284881591797,0.6930828094482422,0.6549358367919922
260,,,0.7119178771972656,0.6780624389648438,0.6940364837646484,0.7650852203369141
261,,,0.7090568542480469,0.7269382476806641,0.6961822509765625,0.7150173187255859
262,,,0.7100105285644531,0.6780624389648438,0.6670951843261719,0.7171630859375
263,,,0.7078647613525391,0.6530284881591797,0.6961822509765625,0.6651878356933594
264,,,0.6868839263916016,0.7498264312744141,0.6868839263916016,0.7009506225585938
265,,,0.7078647613525391,0.6561279296875,0.7550716400146484,0.6899833679199219
266,,,0.78582763671875,0.6530284881591797,0.6940364837646484,0.6668567657470703
267,,,0.759124755859375,0.7109642028808594,0.6930828094482422,0.7691383361816406
268,,,0.6902217864990234,0.74005126953125,0.7479190826416016,0.6921291351318359
269,,,0.7109642028808594,0.7219314575195312,0.6921291351318359,0.7419586181640625
270,,,0.6999969482421875,0.6918907165527344,0.6859302520751953,0.6921291351318359
271,,,0.6861686706542969,0.7178783416748047,0.7300376892089844,0.7278919219970703
272,,,0.6928443908691406,0.7278919219970703,0.7262229919433594,0.7219314575195312
273,,,0.7410049438476562,0.6740093231201172,0.6871223449707031,0.6899833679199219
274,,,0.6890296936035156,0.7147789001464844,0.6570816040039062,0.7698535919189453
275,,,0.6768703460693359,0.7448196411132812,0.7328987121582031,0.7231235504150391
276,,,0.7278919219970703,0.6518363952636719,0.6978511810302734,0.7228851318359375
277,,,0.7741451263427734,0.6768703460693359,0.6840229034423828,0.7951259613037109
278,,,0.6530284881591797,0.6968975067138672,0.6859302520751953,0.7359981536865234
279,,,0.7050037384033203,0.6840229034423828,0.7319450378417969,0.7231235504150391
280,,,0.7021427154541016,0.6511211395263672,0.6871223449707031,0.6971359252929688
281,,,0.7419586181640625,0.7188320159912109,0.6740093231201172,0.762939453125
282,,,0.6878376007080078,0.7271766662597656,0.6949901580810547,0.7221698760986328
283,,,0.7140636444091797,0.6940364837646484,0.6988048553466797,0.7150173187255859
284,,,0.7660388946533203,0.6780624389648438,0.6949901580810547,0.7898807525634766
285,,,0.6489753723144531,0.7140636444091797,0.698089599609375,0.7100105285644531
286,,,0.7140636444091797,0.6818771362304688,0.7507801055908203,0.7071495056152344
287,,,0.7181167602539062,0.6480216979980469,0.8521080017089844,0.6539821624755859
288,,,0.7119178771972656,0.6959438323974609,0.7631778717041016,0.7839202880859375
289,,,0.7128715515136719,0.7050037384033203,0.7538795471191406,0.7200241088867188
290,,,0.720977783203125,0.6990432739257812,0.6921291351318359,0.7359981536865234
291,,,0.7650852203369141,0.67901611328125,0.6928443908691406,0.7359981536865234
292,,,0.7200241088867188,0.6530284881591797,0.6937980651855469,0.7200241088867188
293,,,0.7200241088867188,0.6570816040039062,0.6999969482421875,0.7178783416748047
294,,,0.7100105285644531,0.7050037384033203,0.6968975067138672,0.6690025329589844
295,,,0.7219314575195312,0.6520748138427734,0.6949901580810547,0.7181167602539062
296,,,0.7150173187255859,0.7309913635253906,0.7448196411132812,0.7140636444091797
297,,,0.7090568542480469,0.6809234619140625,0.659942626953125,0.7450580596923828
298,,,0.7638931274414062,0.6821155548095703,0.7369518280029297,0.7350444793701172
299,,,0.7228851318359375,0.6849765777587891,0.6589889526367188,0.7200241088867188
300,,,0.7441043853759766,0.6890296936035156,0.7340908050537109,0.6971359252929688
301,,,0.7090568542480469,0.6771087646484375,0.6580352783203125,0.6690025329589844
302,,,0.7147789001464844,0.7112026214599609,0.6859302520751953,0.7369518280029297
303,,,0.6830692291259766,0.7419586181640625,0.7529258728027344,0.7221698760986328
304,,,0.7159709930419922,0.6561279296875,0.7369518280029297,0.7450580596923828
305,,,0.7679462432861328,0.6768703460693359,0.698089599609375,0.7710456848144531
306,,,0.6759166717529297,0.6539821624755859,0.6928443908691406,0.7569789886474609
307,,,0.8230209350585938,0.7259845733642578,0.7688999176025391,0.7262229919433594
308,,,0.6768703460693359,0.6799697875976562,0.6961822509765625,0.6878376007080078
309,,,0.7460117340087891,0.67901611328125,0.6568431854248047,0.7350444793701172
310,,,0.6840229034423828,0.6780624389648438,0.6840229034423828,0.7300376892089844
311,,,0.7188320159912109,0.6799697875976562,0.701904296875,0.6561279296875
312,,,0.7719993591308594,0.6518363952636719,0.6849765777587891,0.7889270782470703
313,,,0.7619857788085938,0.6809234619140625,0.6539821624755859,0.7259845733642578
314,,,0.7519721984863281,0.7030963897705078,0.7529258728027344,0.7178783416748047
315,,,0.7710456848144531,0.6809234619140625,0.7112026214599609,0.6940364837646484
316,,,0.7228851318359375,0.6520748138427734,0.6749629974365234,0.7228851318359375
317,,,0.7631778717041016,0.6818771362304688,0.7228851318359375,0.7262229919433594
318,,,0.7190704345703125,0.7231235504150391,0.7481575012207031,0.6818771362304688
319,,,0.7240772247314453,0.67901611328125,0.7259845733642578,0.7719993591308594
320,,,0.7109642028808594,0.6761550903320312,0.7078647613525391,0.7128715515136719
321,,,0.7200241088867188,0.7379055023193359,0.8809566497802734,0.7169246673583984
322,,,0.7739067077636719,0.6568431854248047,0.7231235504150391,0.7739067077636719
323,,,0.7240772247314453,0.6802082061767578,0.6561279296875,0.7340908050537109
324,,,0.6818771362304688,0.6780624389648438,0.7841587066650391,0.7140636444091797
325,,,0.7691383361816406,0.7228851318359375,0.7178783416748047,0.7169246673583984
326,,,0.7100105285644531,0.6749629974365234,0.7231235504150391,0.7679462432861328
327,,,0.6759166717529297,0.6761550903320312,0.6988048553466797,0.7131099700927734
328,,,0.7200241088867188,0.67901611328125,0.7219314575195312,0.7238388061523438
329,,,0.759124755859375,0.6799697875976562,0.7340908050537109,0.7710456848144531
330,,,0.7221698760986328,0.6539821624755859,0.6611347198486328,0.7507801055908203
331,,,0.675201416015625,0.6501674652099609,0.7760524749755859,0.7228851318359375
332,,,0.7100105285644531,0.7259845733642578,0.720977783203125,0.7090568542480469
333,,,0.7328987121582031,0.6539821624755859,0.7429122924804688,0.7801055908203125
334,,,0.6728172302246094,0.6551742553710938,0.6918907165527344,0.7228851318359375
335,,,0.7100105285644531,0.7138252258300781,0.7290840148925781,0.7231235504150391
336,,,0.7641315460205078,0.6809234619140625,0.7178783416748047,0.7798671722412109
337,,,0.7131099700927734,0.6527900695800781,0.7028579711914062,0.6918907165527344
338,,,0.6759166717529297,0.6818771362304688,0.7569789886474609,0.6940364837646484
339,,,0.7078647613525391,0.7259845733642578,0.7331371307373047,0.7150173187255859
340,,,0.7579326629638672,0.6840229034423828,0.7228851318359375,0.7479190826416016
341,,,0.6718635559082031,0.6518363952636719,0.6899833679199219,0.7061958312988281
342,,,0.7300376892089844,0.6768703460693359,0.7240772247314453,0.6918907165527344
343,,,0.7131099700927734,0.7379055023193359,0.7231235504150391,0.7479190826416016
344,,,0.7131099700927734,0.6589889526367188,0.6780624389648438,0.6978511810302734
345,,,0.7069110870361328,0.9319782257080078,0.7770061492919922,0.6840229034423828
346,,,0.7088184356689453,0.7469654083251953,0.720977783203125,0.6971359252929688
347,,,0.7669925689697266,0.6868839263916016,0.7162094116210938,0.7309913635253906
348,,,0.6749629974365234,0.6771087646484375,0.6978511810302734,0.6937980651855469
349,,,0.7188320159912109,0.67901611328125,0.720977783203125,0.6940364837646484
350,,,0.6878376007080078,0.6809234619140625,0.7240772247314453,0.7061958312988281
351,,,0.7238388061523438,0.6861686706542969,0.6899833679199219,0.6968975067138672
352,,,0.7278919219970703,0.6880760192871094,0.7829666137695312,0.6928443908691406
353,,,0.7190704345703125,0.7350444793701172,0.72479248046875,0.659942626953125
354,,,0.7798671722412109,0.6778240203857422,0.6971359252929688,0.7450580596923828
355,,,0.7169246673583984,0.6508827209472656,0.6880760192871094,0.6909370422363281
356,,,0.7188320159912109,0.6868839263916016,0.7250308990478516,0.7169246673583984
357,,,0.7178783416748047,0.6539821624755859,0.7250308990478516,0.6840229034423828
358,,,0.720977783203125,0.6489753723144531,0.6759166717529297,0.701904296875
359,,,0.7028579711914062,0.6771087646484375,0.7970333099365234,0.6918907165527344
360,,,0.720977783203125,0.7770061492919922,0.7150173187255859,0.6918907165527344
361,,,0.7600784301757812,0.7038116455078125,0.6568431854248047,0.7340908050537109
362,,,0.7171630859375,0.6608963012695312,0.7150173187255859,0.6928443908691406
363,,,0.7171630859375,0.7190704345703125,0.7159709930419922,0.6937980651855469
364,,,0.7159709930419922,0.7951259613037109,0.7259845733642578,0.6570816040039062
365,,,0.7231235504150391,0.7269382476806641,0.7178783416748047,0.6821155548095703
366,,,0.7171630859375,0.6878376007080078,0.7750988006591797,0.6868839263916016
367,,,0.7159709930419922,0.7758140563964844,0.7140636444091797,0.6949901580810547
368,,,0.7600784301757812,0.7469654083251953,0.7100105285644531,0.7879734039306641
369,,,0.6620883941650391,0.6561279296875,0.7128715515136719,0.7710456848144531
370,,,0.7138252258300781,0.7710456848144531,0.7379055023193359,0.698089599609375
371,,,0.7171630859375,0.7250308990478516,0.7181167602539062,0.7309913635253906
372,,,0.7219314575195312,0.7109642028808594,0.6959438323974609,0.7240772247314453
373,,,0.7250308990478516,0.6840229034423828,0.7750988006591797,0.6690025329589844
374,,,0.7200241088867188,0.7522106170654297,0.720977783203125,0.6961822509765625
375,,,0.7848739624023438,0.7231235504150391,0.7081031799316406,0.7510185241699219
376,,,0.7150173187255859,0.6830692291259766,0.7569789886474609,0.7109642028808594
377,,,0.6568431854248047,0.7271766662597656,0.7441043853759766,0.6990432739257812
378,,,0.7090568542480469,0.7240772247314453,0.720977783203125,0.7331371307373047
379,,,0.6589889526367188,0.6940364837646484,0.698089599609375,0.7021427154541016
380,,,0.6380081176757812,0.6821155548095703,0.7810592651367188,0.7030963897705078
381,,,0.6601810455322266,0.7469654083251953,0.7150173187255859,0.7219314575195312
382,,,0.6859302520751953,0.7269382476806641,0.6549358367919922,0.7581710815429688
383,,,0.6577968597412109,0.6937980651855469,0.7829666137695312,0.698089599609375
384,,,0.6630420684814453,0.7519721984863281,0.7350444793701172,0.6988048553466797
385,,,0.6628036499023438,0.74005126953125,0.7290840148925781,0.7588863372802734
386,,,0.6940364837646484,0.6821155548095703,0.6918907165527344,0.6999969482421875
387,,,0.6260871887207031,0.6780624389648438,0.7488727569580078,0.6899833679199219
388,,,0.6480216979980469,0.7860660552978516,0.7240772247314453,0.7939338684082031
389,,,0.6492137908935547,0.7200241088867188,0.6959438323974609,0.7250308990478516
390,,,0.6921291351318359,0.6909370422363281,0.7700920104980469,0.8370876312255859
391,,,0.5991458892822266,0.7321834564208984,0.7181167602539062,0.7839202880859375
392,,,0.6670951843261719,0.7340908050537109,0.7121562957763672,0.7340908050537109
393,,,0.6589889526367188,0.6520748138427734,0.7240772247314453,0.7450580596923828
394,,,0.6678104400634766,0.7312297821044922,0.7219314575195312,0.7081031799316406
395,,,0.6470680236816406,0.7779598236083984,0.7178783416748047,0.7491111755371094
396,,,0.6568431854248047,0.7369518280029297,0.6530284881591797,0.7240772247314453
397,,,0.6990432739257812,0.6849765777587891,0.7030963897705078,0.7359981536865234
398,,,0.6620883941650391,0.6949901580810547,0.7510185241699219,0.7309913635253906
399,,,0.6530284881591797,0.7679462432861328,0.7238388061523438,0.7331371307373047
400,,,0.6868839263916016,0.6821155548095703,0.7231235504150391,0.7178783416748047
401,,,0.7030963897705078,0.7231235504150391,0.7050037384033203,0.8709430694580078
402,,,0.6289482116699219,0.7889270782470703,0.720977783203125,0.7460117340087891
403,,,0.7441043853759766,0.7178783416748047,0.7190704345703125,0.7050037384033203
404,,,0.6558895111083984,0.67901611328125,0.7648468017578125,0.7541179656982422
405,,,0.7030963897705078,0.7231235504150391,0.72479248046875,0.7569789886474609
406,,,0.6620883941650391,0.7328987121582031,0.7319450378417969,0.7519721984863281
407,,,0.6568431854248047,0.6830692291259766,0.6949901580810547,0.7009506225585938
408,,,0.6909370422363281,0.7259845733642578,0.7579326629638672,0.7450580596923828
409,,,0.6611347198486328,0.7650852203369141,0.7231235504150391,0.7500648498535156
410,,,0.6339550018310547,0.7250308990478516,0.7140636444091797,0.6711483001708984
411,,,0.6561279296875,0.6880760192871094,0.8370876312255859,0.7748603820800781
412,,,0.701904296875,0.7269382476806641,0.7309913635253906,0.7419586181640625
413,,,0.659942626953125,0.6949901580810547,0.6768703460693359,0.7309913635253906
414,,,0.6330013275146484,0.6921291351318359,0.7522106170654297,0.8029937744140625
415,,,0.6608963012695312,0.6880760192871094,0.7288455963134766,0.7090568542480469
416,,,0.6978511810302734,0.7388591766357422,0.7240772247314453,0.7369518280029297
417,,,0.6570816040039062,0.7231235504150391,0.6768703460693359,0.6799697875976562
418,,,0.6361007690429688,0.6799697875976562,0.7710456848144531,0.7328987121582031
419,,,0.6530284881591797,0.6899833679199219,0.7221698760986328,0.7331371307373047
420,,,0.7169246673583984,0.6918907165527344,0.7469654083251953,0.7300376892089844
421,,,0.6871223449707031,0.6868839263916016,0.7619857788085938,0.7498264312744141
422,,,0.6568431854248047,0.6492137908935547,0.7290840148925781,0.7700920104980469
423,,,0.6542205810546875,0.7500648498535156,0.7190704345703125,0.7228851318359375
424,,,0.7069110870361328,0.6768703460693359,0.7059574127197266,0.6899833679199219
425,,,0.6539821624755859,0.6511211395263672,0.7731914520263672,0.7371902465820312
426,,,0.6520748138427734,0.6859302520751953,0.7238388061523438,0.7419586181640625
427,,,0.6489753723144531,0.7359981536865234,0.6530284881591797,0.6618499755859375
428,,,0.6620883941650391,0.6890296936035156,0.7550716400146484,0.7901191711425781
429,,,0.6351470947265625,0.9360313415527344,0.7319450378417969,0.74005126953125
430,,,0.6580352783203125,0.5440711975097656,0.7131099700927734,0.7369518280029297
431,,,0.7162094116210938,0.5459785461425781,0.6940364837646484,0.6930828094482422
432,,,0.6608963012695312,0.5209445953369141,0.7688999176025391,0.7197856903076172
433,,,0.6349086761474609,0.5269050598144531,0.7250308990478516,0.7309913635253906
434,,,0.6608963012695312,0.5481243133544922,0.6961822509765625,0.6768703460693359
435,,,0.7150173187255859,0.5679130554199219,0.7441043853759766,0.7441043853759766
436,,,0.6310939788818359,0.5419254302978516,0.7679462432861328,0.7309913635253906
437,,,0.6299018859863281,0.5469322204589844,0.7641315460205078,0.7419586181640625
438,,,0.6330013275146484,0.5440711975097656,0.6909370422363281,0.7779598236083984
439,,,0.6899833679199219,0.5421638488769531,0.7801055908203125,0.7441043853759766
440,,,0.5970001220703125,0.5271434783935547,0.7231235504150391,0.7359981536865234
441,,,0.6930828094482422,0.5500316619873047,0.6561279296875,0.7328987121582031
442,,,0.6551742553710938,0.5259513854980469,0.782012939453125,0.8120536804199219
443,,,0.6499290466308594,0.5249977111816406,0.7300376892089844,0.7269382476806641
444,,,0.6060600280761719,0.5919933319091797,0.7169246673583984,0.7030963897705078
445,,,0.6330013275146484,0.5459785461425781,0.6921291351318359,0.7441043853759766
446,,,0.6530284881591797,0.5469322204589844,0.7829666137695312,0.7078647613525391
447,,,0.6589889526367188,0.5428791046142578,0.7250308990478516,0.7009506225585938
448,,,0.6239414215087891,0.5929470062255859,0.6539821624755859,0.6628036499023438
449,,,0.6561279296875,0.5500316619873047,0.7622241973876953,0.7407665252685547
450,,,0.6990432739257812,0.5688667297363281,0.7219314575195312,0.6690025329589844
451,,,0.6518363952636719,0.5180835723876953,0.720977783203125,0.74005126953125
452,,,0.6310939788818359,0.5218982696533203,0.6899833679199219,0.7760524749755859
453,,,0.6580352783203125,0.5719661712646484,0.8018016815185547,0.7269382476806641
454,,,0.6840229034423828,0.5478858947753906,0.7140636444091797,0.7297992706298828
455,,,0.6539821624755859,0.5550384521484375,0.675201416015625,0.7259845733642578
456,,,0.6320476531982422,0.5240440368652344,0.7729530334472656,0.7278919219970703
457,,,0.6270408630371094,0.5681514739990234,0.7250308990478516,0.7309913635253906
458,,,0.6918907165527344,0.5249977111816406,0.743865966796875,0.7100105285644531
459,,,0.6351470947265625,0.5209445953369141,0.6949901580810547,0.7798671722412109
460,,,0.6258487701416016,0.5438327789306641,0.7340908050537109,0.7469654083251953
461,,,0.6260871887207031,0.5438327789306641,0.7150173187255859,0.7319450378417969
462,,,0.6279945373535156,0.5478858947753906,0.6549358367919922,0.7309913635253906
463,,,0.6060600280761719,0.5500316619873047,0.7908344268798828,0.7338523864746094
464,,,0.6258487701416016,0.5199909210205078,0.7297992706298828,0.7369518280029297
465,,,0.6248950958251953,0.5478858947753906,0.720977783203125,0.7138252258300781
466,,,0.6341934204101562,0.6620883941650391,0.6961822509765625,0.8051395416259766
467,,,0.6320476531982422,0.8180141448974609,0.7269382476806641,0.7379055023193359
468,,,0.6320476531982422,0.640869140625,0.7238388061523438,0.6968975067138672
469,,,0.7140636444091797,0.5559921264648438,0.6887912750244141,0.7781982421875
470,,,0.6339550018310547,0.5519390106201172,0.7679462432861328,0.7398128509521484
471,,,0.6320476531982422,0.5240440368652344,0.7169246673583984,0.7359981536865234
472,,,0.6389617919921875,0.5559921264648438,0.7140636444091797,0.743865966796875
473,,,0.6670951843261719,0.5478858947753906,0.6880760192871094,0.7009506225585938
474,,,0.6630420684814453,0.5819797515869141,0.7181167602539062,0.7379055023193359
475,,,0.6549358367919922,0.5497932434082031,0.7250308990478516,0.8308887481689453
476,,,0.6301403045654297,0.5469322204589844,0.6608963012695312,0.8158683776855469
477,,,0.6659030914306641,0.5271434783935547,0.7810592651367188,0.7600784301757812
478,,,0.6301403045654297,0.5228519439697266,0.720977783203125,0.7271766662597656
479,,,0.6299018859863281,0.5290508270263672,0.7119178771972656,0.7290840148925781
480,,,0.6310939788818359,0.5500316619873047,0.7269382476806641,0.7359981536865234
481,,,0.6208419799804688,0.5309581756591797,0.7269382476806641,0.7269382476806641
482,,,0.6289482116699219,0.5459785461425781,0.7169246673583984,0.7181167602539062
483,,,0.6320476531982422,0.6151199340820312,0.7150173187255859,0.782012939453125
484,,,0.6349086761474609,0.5450248718261719,0.7069110870361328,0.720977783203125
485,,,0.6380081176757812,0.5488395690917969,0.7290840148925781,0.7200241088867188
486,,,0.6339550018310547,0.5218982696533203,0.762939453125,0.6880760192871094
487,,,0.6330013275146484,0.6089210510253906,0.7228851318359375,0.6949901580810547
488,,,0.7140636444091797,0.5469322204589844,0.7178783416748047,0.7498264312744141
489,,,0.637054443359375,0.5829334259033203,0.7300376892089844,0.7159709930419922
490,,,0.6380081176757812,0.55694580078125,0.7388591766357422,0.7841587066650391
491,,,0.6849765777587891,0.5719661712646484,0.7719993591308594,0.7281303405761719
492,,,0.6668567657470703,0.5600452423095703,0.7219314575195312,0.7359981536865234
493,,,0.6558895111083984,0.5819797515869141,0.7259845733642578,0.7631778717041016
494,,,0.6289482116699219,0.5559921264648438,0.6818771362304688,0.7510185241699219
495,,,0.6308555603027344,0.5810260772705078,0.8580684661865234,0.7441043853759766
496,,,0.6740093231201172,0.6129741668701172,0.7328987121582031,0.6580352783203125
497,,,0.6310939788818359,0.5500316619873047,0.6899833679199219,0.8349418640136719
498,,,0.7419586181640625,0.5619525909423828,0.8108615875244141,0.6990432739257812
499,,,0.6308555603027344,0.6060600280761719,0.7100105285644531,0.7290840148925781
500,,,0.6871223449707031,0.6258487701416016,0.6580352783203125,0.7410049438476562
501,,,0.6301403045654297,0.5559921264648438,0.7150173187255859,0.7319450378417969
502,,,0.61798095703125,0.5710124969482422,0.7669925689697266,0.7190704345703125
503,,,0.7121562957763672,0.5822181701660156,0.7240772247314453,0.6759166717529297
504,,,0.6380081176757812,0.5791187286376953,0.6890296936035156,0.7410049438476562
505,,,0.6251335144042969,0.5810260772705078,0.7810592651367188,0.7510185241699219
506,,,0.6308555603027344,0.5779266357421875,0.7169246673583984,0.7190704345703125
507,,,0.7281303405761719,0.5581378936767578,0.6890296936035156,0.7550716400146484
508,,,0.6220340728759766,0.5781650543212891,0.7550716400146484,0.7350444793701172
509,,,0.6220340728759766,0.5831718444824219,0.7200241088867188,0.7281303405761719
510,,,0.6330013275146484,0.5559921264648438,0.7150173187255859,0.6949901580810547
511,,,0.6580352783203125,0.5819797515869141,0.6949901580810547,0.7250308990478516
512,,,0.5979537963867188,0.57220458984375,0.762939453125,0.7281303405761719
513,,,0.6260871887207031,0.6229877471923828,0.7278919219970703,0.7250308990478516
514,,,0.6260871887207031,0.5791187286376953,0.6551742553710938,0.8349418640136719
515,,,0.6520748138427734,0.5240440368652344,0.6949901580810547,0.7190704345703125
516,,,0.6008148193359375,0.6139278411865234,0.759124755859375,0.7262229919433594
517,,,0.6241798400878906,0.6060600280761719,0.7309913635253906,0.6949901580810547
518,,,0.6239414215087891,0.5898475646972656,0.6990432739257812,0.7269382476806641
519,,,0.6299018859863281,0.5800724029541016,0.8361339569091797,0.74005126953125
520,,,0.6291866302490234,0.5640983581542969,0.7340908050537109,0.6999969482421875
521,,,0.6251335144042969,0.5800724029541016,0.6821155548095703,0.8149147033691406
522,,,0.7090568542480469,0.5750656127929688,0.759124755859375,0.7348060607910156
523,,,0.6289482116699219,0.5710124969482422,0.7359981536865234,0.7319450378417969
524,,,0.6430149078369141,0.5550384521484375,0.7228851318359375,0.8008480072021484
525,,,0.6310939788818359,0.5791187286376953,0.6909370422363281,0.7188320159912109
526,,,0.6799697875976562,0.6148815155029297,0.7829666137695312,0.7350444793701172
527,,,0.6310939788818359,0.5688667297363281,0.7259845733642578,0.6849765777587891
528,,,0.6239414215087891,0.5221366882324219,0.6570816040039062,0.7789134979248047
529,,,0.6699562072753906,0.5710124969482422,0.7719993591308594,0.7312297821044922
530,,,0.6940364837646484,0.6248950958251953,0.7288455963134766,0.7410049438476562
531,,,0.6470680236816406,0.5719661712646484,0.7171630859375,0.74005126953125
532,,,0.6389617919921875,0.5490779876708984,0.6899833679199219,0.7290840148925781
533,,,0.6299018859863281,0.5609989166259766,0.7798671722412109,0.7259845733642578
534,,,0.6330013275146484,0.5631446838378906,0.7119178771972656,0.6859302520751953
535,,,0.5991458892822266,0.5750656127929688,0.7269382476806641,0.7228851318359375
536,,,0.6308555603027344,0.5691051483154297,0.7860660552978516,0.7290840148925781
537,,,0.6308555603027344,0.5469322204589844,0.7181167602539062,0.6659030914306641
538,,,0.637054443359375,0.5509853363037109,0.7178783416748047,0.8070468902587891
539,,,0.6301403045654297,0.6120204925537109,0.7219314575195312,0.7250308990478516
540,,,0.6730556488037109,0.5629062652587891,0.782012939453125,0.7288455963134766
541,,,0.7250308990478516,0.5300045013427734,0.7300376892089844,0.7660388946533203
542,,,0.6358623504638672,0.5719661712646484,0.701904296875,0.7250308990478516
543,,,0.6301403045654297,0.6268024444580078,0.7870197296142578,0.7300376892089844
544,,,0.6320476531982422,0.5440711975097656,0.7259845733642578,0.6592273712158203
545,,,0.6678104400634766,0.5769729614257812,0.7250308990478516,0.7619857788085938
546,,,0.6489753723144531,0.5490779876708984,0.698089599609375,0.7460117340087891
547,,,0.6327629089355469,0.5781650543212891,0.7309913635253906,0.7369518280029297
548,,,0.6380081176757812,0.5788803100585938,0.7228851318359375,0.7569789886474609
549,,,0.7500648498535156,0.6051063537597656,0.6549358367919922,0.6618499755859375
550,,,0.6060600280761719,0.5550384521484375,0.7829666137695312,0.7350444793701172
551,,,0.6330013275146484,0.5791187286376953,0.7281303405761719,0.6580352783203125
552,,,0.6308555603027344,0.5810260772705078,0.7510185241699219,0.7810592651367188
553,,,0.6351470947265625,0.5779266357421875,0.6899833679199219,0.7371902465820312
554,,,0.6318092346191406,0.5199909210205078,0.7281303405761719,0.7581710815429688
555,,,0.6308555603027344,0.5550384521484375,0.7221698760986328,0.7529258728027344
556,,,0.6308555603027344,0.6160736083984375,0.6670951843261719,0.7309913635253906
557,,,0.6520748138427734,0.5819797515869141,0.7810592651367188,0.7340908050537109
558,,,0.6330013275146484,0.5769729614257812,0.7190704345703125,0.6840229034423828
559,,,0.6308555603027344,0.5779266357421875,0.7159709930419922,0.7278919219970703
560,,,0.6761550903320312,0.579833984375,0.6890296936035156,0.7278919219970703
561,,,0.6330013275146484,0.5819797515869141,0.7219314575195312,0.8261203765869141
562,,,0.6301403045654297,0.5769729614257812,0.6899833679199219,0.7598400115966797
563,,,0.640869140625,0.5731582641601562,0.6871223449707031,0.7460117340087891
564,,,0.6709098815917969,0.5550384521484375,0.7507801055908203,0.7190704345703125
565,,,0.6239414215087891,0.6070137023925781,0.67901611328125,0.6589889526367188
566,,,0.6310939788818359,0.5831718444824219,0.6868839263916016,0.7309913635253906
567,,,0.6320476531982422,0.5199909210205078,0.7219314575195312,0.7259845733642578
568,,,0.6711483001708984,0.5700588226318359,0.7832050323486328,0.7278919219970703
569,,,0.6260871887207031,0.6198883056640625,0.7231235504150391,0.7431507110595703
570,,,0.6229877471923828,0.5779266357421875,0.7281303405761719,0.7281303405761719
571,,,0.6229877471923828,0.5710124969482422,0.782012939453125,0.7619857788085938
572,,,0.6129741668701172,0.6589889526367188,0.6549358367919922,0.7030963897705078
573,,,0.6451606750488281,0.5981922149658203,0.698089599609375,0.7190704345703125
574,,,0.6480216979980469,0.5540847778320312,0.6902217864990234,0.7348060607910156
575,,,0.6170272827148438,0.5781650543212891,0.7150173187255859,0.7138252258300781
576,,,0.6268024444580078,0.5791187286376953,0.7319450378417969,0.7550716400146484
577,,,0.6260871887207031,0.5779266357421875,0.7050037384033203,0.7381439208984375
578,,,0.6239414215087891,0.6089210510253906,0.7839202880859375,0.72479248046875
579,,,0.6730556488037109,0.5769729614257812,0.7231235504150391,0.6999969482421875
580,,,0.6270408630371094,0.5199909210205078,0.6539821624755859,0.743865966796875
581,,,0.5970001220703125,0.579833984375,0.720977783203125,0.7309913635253906
582,,,0.6239414215087891,0.6420612335205078,0.8590221405029297,0.7100105285644531
583,,,0.6718635559082031,0.5829334259033203,0.7271766662597656,0.7898807525634766
584,,,0.6468296051025391,0.5779266357421875,0.6830692291259766,0.7348060607910156
585,,,0.6308555603027344,0.5781650543212891,0.804901123046875,0.7278919219970703
586,,,0.6699562072753906,0.5769729614257812,0.72479248046875,0.6999969482421875
587,,,0.6740093231201172,0.5609989166259766,0.6530284881591797,0.7538795471191406
588,,,0.5960464477539062,0.5781650543212891,0.7789134979248047,0.7309913635253906
589,,,0.6279945373535156,0.5550384521484375,0.7309913635253906,0.7169246673583984
590,,,0.6670951843261719,0.5788803100585938,0.7240772247314453,0.7789134979248047
591,,,0.6320476531982422,0.6208419799804688,0.6821155548095703,0.7278919219970703
592,,,0.6301403045654297,0.5791187286376953,0.7829666137695312,0.7288455963134766
593,,,0.7190704345703125,0.5190372467041016,0.7250308990478516,0.7920265197753906
594,,,0.6301403045654297,0.5772113800048828,0.6690025329589844,0.7338523864746094
595,,,0.6518363952636719,0.6070137023925781,0.7851123809814453,0.6930828094482422
596,,,0.6380081176757812,0.5719661712646484,0.7369518280029297,0.6949901580810547
597,,,0.6291866302490234,0.5729198455810547,0.7259845733642578,0.8130073547363281
598,,,0.7028579711914062,0.5488395690917969,0.720977783203125,0.7359981536865234
599,,,0.6549358367919922,0.6091594696044922,0.7882118225097656,0.720977783203125
600,,,0.6589889526367188,0.5729198455810547,0.7297992706298828,0.7469654083251953
601,,,0.6299018859863281,0.5700588226318359,0.6890296936035156,0.720977783203125
602,,,0.6780624389648438,0.5490779876708984,0.7801055908203125,0.74005126953125
603,,,0.5960464477539062,0.5469322204589844,0.7281303405761719,0.6868839263916016
604,,,0.6299018859863281,0.6167888641357422,0.7319450378417969,0.7510185241699219
605,,,0.6389617919921875,0.5619525909423828,0.7050037384033203,0.7240772247314453
606,,,0.7190704345703125,0.5269050598144531,0.7340908050537109,0.720977783203125
607,,,0.5948543548583984,0.5731582641601562,0.7221698760986328,0.7600784301757812
608,,,0.6539821624755859,0.6260871887207031,0.6890296936035156,0.7321834564208984
609,,,0.6289482116699219,0.5509853363037109,0.7750988006591797,0.7250308990478516
610,,,0.6341934204101562,0.5779266357421875,0.7178783416748047,0.7109642028808594
611,,,0.6310939788818359,0.5490779876708984,0.7159709930419922,0.7379055023193359
612,,,0.6439685821533203,0.5691051483154297,0.7140636444091797,0.7359981536865234
613,,,0.6291866302490234,0.5590915679931641,0.7281303405761719,0.7250308990478516
614,,,0.6489753723144531,0.579833984375,0.7131099700927734,0.7710456848144531
615,,,0.6301403045654297,0.5519390106201172,0.7150173187255859,0.7479190826416016
616,,,0.6530284881591797,0.5879402160644531,0.7679462432861328,0.7221698760986328
617,,,0.7009506225585938,0.6158351898193359,0.7150173187255859,0.6680488586425781
618,,,0.6279945373535156,0.5550384521484375,0.7560253143310547,0.6899833679199219
619,,,0.6291866302490234,0.5209445953369141,0.7238388061523438,0.7269382476806641
620,,,0.6330013275146484,0.553131103515625,0.7519721984863281,0.7371902465820312
621,,,0.6849765777587891,0.6098747253417969,0.7128715515136719,0.7767677307128906
622,,,0.6301403045654297,0.5810260772705078,0.6861686706542969,0.7309913635253906
623,,,0.6511211395263672,0.5781650543212891,0.7829666137695312,0.7181167602539062
624,,,0.6320476531982422,0.5528926849365234,0.7228851318359375,0.7369518280029297
625,,,0.6861686706542969,0.5710124969482422,0.6999969482421875,0.7300376892089844
626,,,0.6890296936035156,0.5791187286376953,0.6968975067138672,0.7259845733642578
627,,,0.6320476531982422,0.5509853363037109,0.7340908050537109,0.720977783203125
628,,,0.6330013275146484,0.5719661712646484,0.7328987121582031,0.7500648498535156
629,,,0.6339550018310547,0.5550384521484375,0.7410049438476562,0.7259845733642578
630,,,0.5960464477539062,0.6101131439208984,0.7801055908203125,0.7240772247314453
631,,,0.6241798400878906,0.5769729614257812,0.7328987121582031,0.7011890411376953
632,,,0.6220340728759766,0.5588531494140625,0.6530284881591797,0.7488727569580078
633,,,0.6611347198486328,0.5719661712646484,0.7340908050537109,0.7419586181640625
634,,,0.6260871887207031,0.6029605865478516,0.7710456848144531,0.7200241088867188
635,,,0.6248950958251953,0.5581378936767578,0.7321834564208984,0.7810592651367188
636,,,0.6859302520751953,0.576019287109375,0.67901611328125,0.7350444793701172
637,,,0.6270408630371094,0.5578994750976562,0.7638931274414062,0.7579326629638672
638,,,0.6241798400878906,0.576019287109375,0.7238388061523438,0.6868839263916016
639,,,0.6768703460693359,0.55694580078125,0.6520748138427734,0.7410049438476562
640,,,0.6711483001708984,0.553131103515625,0.7572174072265625,0.7338523864746094
641,,,0.6318092346191406,0.5550384521484375,0.7278919219970703,0.6570816040039062
642,,,0.6239414215087891,0.5671977996826172,0.7250308990478516,0.8008480072021484
643,,,0.6630420684814453,0.6020069122314453,0.7059574127197266,0.7388591766357422
644,,,0.6840229034423828,0.5791187286376953,0.7779598236083984,0.7281303405761719
645,,,0.598907470703125,0.5209445953369141,0.7231235504150391,0.7541179656982422
646,,,0.6279945373535156,0.5779266357421875,0.6649494171142578,0.7328987121582031
647,,,0.6339550018310547,0.6310939788818359,0.7250308990478516,0.7219314575195312
648,,,0.6279945373535156,0.5800724029541016,0.7188320159912109,0.7989406585693359
649,,,0.6279945373535156,0.5931854248046875,0.7328987121582031,0.8161067962646484
650,,,0.6270408630371094,0.5559921264648438,0.7078647613525391,0.7479190826416016
651,,,0.6299018859863281,0.5860328674316406,0.8139610290527344,0.7309913635253906
652,,,0.6339550018310547,0.5581378936767578,0.7200241088867188,0.7879734039306641
653,,,0.6351470947265625,0.5571842193603516,0.6799697875976562,0.7648468017578125
654,,,0.6301403045654297,0.5490779876708984,0.7970333099365234,0.7259845733642578
655,,,0.7128715515136719,0.5519390106201172,0.7381439208984375,0.6928443908691406
656,,,0.6511211395263672,0.6220340728759766,0.7169246673583984,0.7288455963134766
657,,,0.6301403045654297,0.55694580078125,0.7221698760986328,0.7269382476806641
658,,,0.6642341613769531,0.5211830139160156,0.7829666137695312,0.7350444793701172
659,,,0.6940364837646484,0.5788803100585938,0.7328987121582031,0.7250308990478516
660,,,0.6330013275146484,0.5850791931152344,0.6530284881591797,0.6890296936035156
661,,,0.6310939788818359,0.5779266357421875,0.7841587066650391,0.7250308990478516
662,,,0.6618499755859375,0.5710124969482422,0.7238388061523438,0.6859302520751953
663,,,0.6799697875976562,0.5559921264648438,0.7200241088867188,0.7379055023193359
664,,,0.6029605865478516,0.5779266357421875,0.6539821624755859,0.7338523864746094
665,,,0.6561279296875,0.5998611450195312,0.7369518280029297,0.7250308990478516
666,,,0.6279945373535156,0.5490779876708984,0.7259845733642578,0.7100105285644531
667,,,0.6270408630371094,0.5710124969482422,0.6930828094482422,0.7328987121582031
668,,,0.6439685821533203,0.5691051483154297,0.7810592651367188,0.7300376892089844
669,,,0.6339550018310547,0.6201267242431641,0.8800029754638672,0.682830810546875
670,,,0.6380081176757812,0.5650520324707031,0.7150173187255859,0.7729530334472656
671,,,0.6320476531982422,0.55694580078125,0.7269382476806641,0.7250308990478516
672,,,0.6558895111083984,0.5578994750976562,0.7488727569580078,0.7269382476806641
673,,,0.6320476531982422,0.6110668182373047,0.7281303405761719,0.7350444793701172
674,,,0.6301403045654297,0.5729198455810547,0.7162094116210938,0.7178783416748047
675,,,0.6339550018310547,0.5719661712646484,0.7741451263427734,0.7278919219970703
676,,,0.5970001220703125,0.5481243133544922,0.7240772247314453,0.6668567657470703
677,,,0.6299018859863281,0.5719661712646484,0.7250308990478516,0.7309913635253906
678,,,0.5979537963867188,0.5710124969482422,0.6959438323974609,0.7300376892089844
679,,,0.6060600280761719,0.5710124969482422,0.7348060607910156,0.7259845733642578
680,,,0.5979537963867188,0.5481243133544922,0.7150173187255859,0.7469654083251953
681,,,0.6530284881591797,0.6718635559082031,0.7510185241699219,0.7321834564208984
682,,,0.7121562957763672,0.6101131439208984,0.7789134979248047,0.7269382476806641
683,,,0.637054443359375,0.5578994750976562,0.7319450378417969,0.6577968597412109
684,,,0.6470680236816406,0.5421638488769531,0.7600784301757812,0.7319450378417969
685,,,0.5979537963867188,0.5750656127929688,0.7290840148925781,0.7569789886474609
686,,,0.67901611328125,0.6210803985595703,0.7140636444091797,0.7669925689697266
687,,,0.6508827209472656,0.579833984375,0.7150173187255859,0.7891654968261719
688,,,0.6427764892578125,0.5769729614257812,0.6902217864990234,0.7321834564208984
689,,,0.6961822509765625,0.5779266357421875,0.7910728454589844,0.7319450378417969
690,,,0.6918907165527344,0.5769729614257812,0.7309913635253906,0.701904296875
691,,,0.6039142608642578,0.55694580078125,0.6949901580810547,0.7371902465820312
692,,,0.6480216979980469,0.5578994750976562,0.6520748138427734,0.7359981536865234
693,,,0.6458759307861328,0.5497932434082031,0.7281303405761719,0.7200241088867188
694,,,0.6489753723144531,0.5779266357421875,0.7150173187255859,0.7560253143310547
695,,,0.5991458892822266,0.6258487701416016,0.6880760192871094,0.7369518280029297
696,,,0.6229877471923828,0.5528926849365234,0.762939453125,0.7309913635253906
697,,,0.6489753723144531,0.5249977111816406,0.7228851318359375,0.7319450378417969
698,,,0.6630420684814453,0.5691051483154297,0.7460117340087891,0.7350444793701172
699,,,0.6520748138427734,0.6611347198486328,0.6890296936035156,0.7269382476806641
700,,,0.6649494171142578,0.5810260772705078,0.7460117340087891,0.6840229034423828
701,,,0.7138252258300781,0.5772113800048828,0.7348060607910156,0.7779598236083984
702,,,0.6260871887207031,0.55694580078125,0.7889270782470703,0.7421970367431641
703,,,0.598907470703125,0.5781650543212891,0.30303001403808594,0.762939453125
704,,,0.6361007690429688,0.5869865417480469,0.30684471130371094,0.7641315460205078
705,,,0.6759166717529297,0.5779266357421875,0.3039836883544922,0.7328987121582031
706,,,0.6518363952636719,0.5559921264648438,0.3139972686767578,0.7269382476806641
707,,,0.6468296051025391,0.5779266357421875,0.31113624572753906,0.6589889526367188
708,,,0.6549358367919922,0.6160736083984375,0.30303001403808594,0.7688999176025391
709,,,0.7100105285644531,0.5719661712646484,0.3039836883544922,0.7269382476806641
710,,,0.6449222564697266,0.5221366882324219,0.30303001403808594,0.7259845733642578
711,,,0.6251335144042969,0.5772113800048828,0.32711029052734375,0.7960796356201172
712,,,0.6458759307861328,0.6189346313476562,0.30493736267089844,0.7340908050537109
713,,,0.7030963897705078,0.5600452423095703,0.3039836883544922,0.7379055023193359
714,,,0.5979537963867188,0.5769729614257812,0.30303001403808594,0.6589889526367188
715,,,0.6320476531982422,0.5700588226318359,0.3018379211425781,0.7910728454589844
716,,,0.6530284881591797,0.5769729614257812,0.3039836883544922,0.7328987121582031
717,,,0.6580352783203125,0.5819797515869141,0.3211498260498047,0.7348060607910156
718,,,0.6320476531982422,0.5791187286376953,0.30493736267089844,0.7500648498535156
719,,,0.6318092346191406,0.5550384521484375,0.30493736267089844,0.7691383361816406
720,,,0.6580352783203125,0.5769729614257812,0.30303001403808594,0.7331371307373047
721,,,0.6558895111083984,0.621795654296875,0.30517578125,0.659942626953125
722,,,0.6721019744873047,0.5869865417480469,0.3039836883544922,0.7789134979248047
723,,,0.6618499755859375,0.5350112915039062,0.3020763397216797,0.7369518280029297
724,,,0.6840229034423828,0.5769729614257812,0.3180503845214844,0.7340908050537109
725,,,0.6589889526367188,0.6208419799804688,0.30303001403808594,0.7889270782470703
726,,,0.6330013275146484,0.5800724029541016,0.3039836883544922,0.7381439208984375
727,,,0.6320476531982422,0.5791187286376953,0.3058910369873047,0.7240772247314453
728,,,0.6880760192871094,0.5548000335693359,0.30303001403808594,0.6940364837646484
729,,,0.6539821624755859,0.5779266357421875,0.30303001403808594,0.7839202880859375
730,,,0.6339550018310547,0.5810260772705078,0.3039836883544922,0.7281303405761719
731,,,0.6310939788818359,0.6189346313476562,0.33211708068847656,0.7231235504150391
732,,,0.7138252258300781,0.5810260772705078,0.3039836883544922,0.7810592651367188
733,,,0.6618499755859375,0.55694580078125,0.3190040588378906,0.7359981536865234
734,,,0.6539821624755859,0.5919933319091797,0.3299713134765625,0.7250308990478516
735,,,0.6558895111083984,0.5619525909423828,0.30303001403808594,0.7429122924804688
736,,,0.6489753723144531,0.5738735198974609,0.3039836883544922,0.8070468902587891
737,,,0.6539821624755859,0.5719661712646484,0.3018379211425781,0.7557868957519531
738,,,0.6849765777587891,0.6220340728759766,0.3039836883544922,0.7290840148925781
739,,,0.7250308990478516,0.5731582641601562,0.3039836883544922,0.7550716400146484
740,,,0.6639957427978516,0.57220458984375,0.30803680419921875,0.7269382476806641
741,,,0.6690025329589844,0.5691051483154297,0.3039836883544922,0.7350444793701172
742,,,0.6549358367919922,0.5648136138916016,0.3058910369873047,0.6589889526367188
743,,,0.6871223449707031,0.576019287109375,0.30303001403808594,0.7398128509521484
744,,,0.6511211395263672,0.5700588226318359,0.30303001403808594,0.7359981536865234
745,,,0.6520748138427734,0.537872314453125,0.3018379211425781,0.7348060607910156
746,,,0.6551742553710938,0.5719661712646484,0.3039836883544922,0.762939453125
747,,,0.7028579711914062,0.6270408630371094,0.32210350036621094,0.7379055023193359
748,,,0.6339550018310547,0.5919933319091797,0.3199577331542969,0.74005126953125
749,,,0.6289482116699219,0.5190372467041016,0.3440380096435547,0.7011890411376953
750,,,0.6489753723144531,0.5409717559814453,0.3387928009033203,0.7479190826416016
751,,,0.6520748138427734,0.6160736083984375,0.32901763916015625,0.7359981536865234
752,,,0.5970001220703125,0.5819797515869141,0.3039836883544922,0.7390975952148438
753,,,0.6239414215087891,0.5490779876708984,0.30422210693359375,0.7960796356201172
754,,,0.6480216979980469,0.5609989166259766,0.30493736267089844,0.7541179656982422
755,,,0.6740093231201172,0.5781650543212891,0.3020763397216797,0.7309913635253906
756,,,0.6229877471923828,0.5810260772705078,0.31113624572753906,0.7650852203369141
757,,,0.6551742553710938,0.5631446838378906,0.3311634063720703,0.7238388061523438
758,,,0.7169246673583984,0.5850791931152344,0.3039836883544922,0.7390975952148438
759,,,0.6260871887207031,0.5769729614257812,0.30303001403808594,0.6661415100097656
760,,,0.5970001220703125,0.6120204925537109,0.31685829162597656,0.7688999176025391
761,,,0.6470680236816406,0.5810260772705078,0.30493736267089844,0.7269382476806641
762,,,0.6809234619140625,0.5259513854980469,0.3688335418701172,0.7340908050537109
763,,,0.6279945373535156,0.5779266357421875,0.3039836883544922,0.8080005645751953
764,,,0.6468296051025391,0.5919933319091797,0.3490447998046875,0.7321834564208984
765,,,0.6451606750488281,0.5609989166259766,0.3058910369873047,0.7300376892089844
766,,,0.7050037384033203,0.5738735198974609,0.3190040588378906,0.7181167602539062
767,,,0.6260871887207031,0.5750656127929688,0.30303001403808594,0.7798671722412109
768,,,0.6299018859863281,0.5619525909423828,0.30303001403808594,0.7119178771972656
769,,,0.6542205810546875,0.6449222564697266,0.30303001403808594,0.6880760192871094
770,,,0.6949901580810547,0.5750656127929688,0.3039836883544922,0.6358623504638672
771,,,0.6239414215087891,0.5550384521484375,0.30493736267089844,0.6427764892578125
772,,,0.6351470947265625,0.5707740783691406,0.33593177795410156,0.6480216979980469
773,,,0.6268024444580078,0.6258487701416016,0.30303001403808594,0.6401538848876953
774,,,0.6711483001708984,0.5719661712646484,0.3020763397216797,0.6968975067138672
775,,,0.7009506225585938,0.5757808685302734,0.30303001403808594,0.6420612335205078
776,,,0.6549358367919922,0.576019287109375,0.3008842468261719,0.6430149078369141
777,,,0.6508827209472656,0.5710124969482422,0.30303001403808594,0.637054443359375
778,,,0.6639957427978516,0.55694580078125,0.30303001403808594,0.7009506225585938
779,,,0.6380081176757812,0.5819797515869141,0.30303001403808594,0.637054443359375
780,,,0.6539821624755859,0.5478858947753906,0.3120899200439453,0.6399154663085938
781,,,0.7109642028808594,0.5910396575927734,0.3170967102050781,0.6449222564697266
782,,,0.6577968597412109,0.6148815155029297,0.3027915954589844,0.6918907165527344
783,,,0.6539821624755859,0.576019287109375,0.3170967102050781,0.6420612335205078
784,,,0.7669925689697266,0.5209445953369141,0.3027915954589844,0.6468296051025391
785,,,0.7109642028808594,0.5548000335693359,0.30303001403808594,0.67901611328125
786,,,0.6780624389648438,0.6129741668701172,0.3020763397216797,0.7100105285644531
787,,,0.6558895111083984,0.5819797515869141,0.34117698669433594,0.6330013275146484
788,,,0.6699562072753906,0.5791187286376953,0.30493736267089844,0.637054443359375
789,,,0.6430149078369141,0.5528926849365234,0.3070831298828125,0.6399154663085938
790,,,0.5958080291748047,0.598907470703125,0.30303001403808594,0.6971359252929688
791,,,0.6530284881591797,0.5869865417480469,0.30303001403808594,0.637054443359375
792,,,0.6461143493652344,0.5841255187988281,0.30303001403808594,0.6449222564697266
793,,,0.6558895111083984,0.5550384521484375,0.3020763397216797,0.6341934204101562
794,,,0.6310939788818359,0.5748271942138672,0.308990478515625,0.6918907165527344
795,,,0.6539821624755859,0.6160736083984375,0.33092498779296875,0.6279945373535156
796,,,0.7088184356689453,0.5540847778320312,0.3008842468261719,0.6339550018310547
797,,,0.6339550018310547,0.5459785461425781,0.3018379211425781,0.6670951843261719
798,,,0.6439685821533203,0.576019287109375,0.3178119659423828,0.7040500640869141
799,,,0.6539821624755859,0.6279945373535156,0.3180503845214844,0.6470680236816406
800,,,0.7450580596923828,0.5788803100585938,0.3018379211425781,0.6411075592041016
801,,,0.6570816040039062,0.5438327789306641,0.3018379211425781,0.6468296051025391
802,,,0.6539821624755859,0.5779266357421875,0.30303001403808594,0.6780624389648438
803,,,0.6549358367919922,0.5750656127929688,0.30684471130371094,0.6358623504638672
804,,,0.6668567657470703,0.5738735198974609,0.3039836883544922,0.637054443359375
805,,,0.6051063537597656,0.5710124969482422,0.30303001403808594,0.6270408630371094
806,,,0.6549358367919922,0.5750656127929688,0.3020763397216797,0.6399154663085938
807,,,0.6520748138427734,0.5660057067871094,0.29087066650390625,0.6430149078369141
808,,,0.6580352783203125,0.6110668182373047,0.2968311309814453,0.6380081176757812
809,,,0.6310939788818359,0.5671977996826172,0.28896331787109375,0.6449222564697266
810,,,0.6558895111083984,0.5509853363037109,0.2930164337158203,0.6401538848876953
811,,,0.698089599609375,0.5688667297363281,0.29015541076660156,0.6470680236816406
812,,,0.6470680236816406,0.6108283996582031,0.29587745666503906,0.6361007690429688
813,,,0.5857944488525391,0.5738735198974609,0.29397010803222656,0.6339550018310547
814,,,0.5779266357421875,0.579833984375,0.3008842468261719,0.6480216979980469
815,,,0.6029605865478516,0.5700588226318359,0.2880096435546875,0.6380081176757812
816,,,0.5800724029541016,0.5691051483154297,0.33783912658691406,0.6411075592041016
817,,,0.5700588226318359,0.576019287109375,0.2880096435546875,0.6852149963378906
818,,,0.5791187286376953,0.5719661712646484,0.2980232238769531,0.6740093231201172
819,,,0.5779266357421875,0.5679130554199219,0.3330707550048828,0.6289482116699219
820,,,0.6368160247802734,0.5710124969482422,0.30493736267089844,0.6399154663085938
821,,,0.6101131439208984,0.6151199340820312,0.3440380096435547,0.6878376007080078
822,,,0.5841255187988281,0.576019287109375,0.3199577331542969,0.6430149078369141
823,,,0.5729198455810547,0.5218982696533203,0.29587745666503906,0.6392002105712891
824,,,0.6229877471923828,0.5769729614257812,0.3027915954589844,0.6308555603027344
825,,,0.5850791931152344,0.5779266357421875,0.28896331787109375,0.6840229034423828
826,,,0.5900859832763672,0.5800724029541016,0.3001689910888672,0.6470680236816406
827,,,0.5710124969482422,0.5540847778320312,0.2899169921875,0.6361007690429688
828,,,0.6351470947265625,0.5500316619873047,0.2911090850830078,0.6430149078369141
829,,,0.5838871002197266,0.576019287109375,0.30803680419921875,0.7121562957763672
830,,,0.5860328674316406,0.6630420684814453,0.30303001403808594,0.6349086761474609
831,,,0.576019287109375,0.5769729614257812,0.2949237823486328,0.6442070007324219
832,,,0.5819797515869141,0.5080699920654297,0.30994415283203125,0.6330013275146484
833,,,0.5831718444824219,0.5049705505371094,0.29015541076660156,0.7059574127197266
834,,,0.5848407745361328,0.5028247833251953,0.2899169921875,0.6358623504638672
835,,,0.5800724029541016,0.5049705505371094,0.2961158752441406,0.6711483001708984
836,,,0.5769729614257812,0.5021095275878906,0.3230571746826172,0.6308555603027344
837,,,0.6711483001708984,0.49686431884765625,0.30303001403808594,0.6990432739257812
838,,,0.5719661712646484,0.5049705505371094,0.29587745666503906,0.6361007690429688
839,,,0.5788803100585938,0.5500316619873047,0.30303001403808594,0.6430149078369141
840,,,0.5779266357421875,0.5068778991699219,0.29587745666503906,0.6389617919921875
841,,,0.6201267242431641,0.5109310150146484,0.28896331787109375,0.6480216979980469
842,,,0.5829334259033203,0.49495697021484375,0.28896331787109375,0.6349086761474609
843,,,0.5879402160644531,0.5128383636474609,0.2970695495605469,0.6361007690429688
844,,,0.5900859832763672,0.5509853363037109,0.2970695495605469,0.6361007690429688
845,,,0.5881786346435547,0.5080699920654297,0.2980232238769531,0.6399154663085938
846,,,0.5879402160644531,0.5109310150146484,0.2880096435546875,0.6411075592041016
847,,,0.5841255187988281,0.537872314453125,0.2951622009277344,0.6361007690429688
848,,,0.5779266357421875,0.5071163177490234,0.29015541076660156,0.6420612335205078
849,,,0.5800724029541016,0.5528926849365234,0.31113624572753906,0.6401538848876953
850,,,0.5829334259033203,0.5080699920654297,0.29397010803222656,0.6728172302246094
851,,,0.5750656127929688,0.5109310150146484,0.28896331787109375,0.6709098815917969
852,,,0.5822181701660156,0.5049705505371094,0.2880096435546875,0.6899833679199219
853,,,0.5869865417480469,0.5061626434326172,0.3180503845214844,0.6399154663085938
854,,,0.6649494171142578,0.5581378936767578,0.3039836883544922,0.6361007690429688
855,,,0.5810260772705078,0.5080699920654297,0.28705596923828125,0.6351470947265625
856,,,0.7789134979248047,0.5121231079101562,0.3020763397216797,0.7050037384033203
857,,,0.28705596923828125,0.5009174346923828,0.2880096435546875,0.6399154663085938
858,,,0.2980232238769531,0.5109310150146484,0.2961158752441406,0.6439685821533203
859,,,0.30994415283203125,0.5440711975097656,0.2989768981933594,0.6358623504638672
860,,,0.29397010803222656,0.5140304565429688,0.30112266540527344,0.6930828094482422
861,,,0.29397010803222656,0.4990100860595703,0.2961158752441406,0.6439685821533203
862,,,0.2989768981933594,0.5118846893310547,0.3108978271484375,0.6361007690429688
863,,,0.2880096435546875,0.5381107330322266,0.2942085266113281,0.6349086761474609
864,,,0.2968311309814453,0.5578994750976562,0.3008842468261719,0.6959438323974609
865,,,0.2930164337158203,0.5059242248535156,0.29397010803222656,0.6458759307861328
866,,,0.2999305725097656,0.5040168762207031,0.31685829162597656,0.6380081176757812
867,,,0.29277801513671875,0.5018711090087891,0.2899169921875,0.6289482116699219
868,,,0.33283233642578125,0.5109310150146484,0.2868175506591797,0.7371902465820312
869,,,0.2942085266113281,0.5490779876708984,0.3020763397216797,0.6349086761474609
870,,,0.2999305725097656,0.5059242248535156,0.32210350036621094,0.6361007690429688
871,,,0.30612945556640625,0.5049705505371094,0.3008842468261719,0.6299018859863281
872,,,0.28705596923828125,0.5340576171875,0.32591819763183594,0.7028579711914062
873,,,0.2930164337158203,0.5080699920654297,0.2880096435546875,0.6430149078369141
874,,,0.2868175506591797,0.5550384521484375,0.29587745666503906,0.6308555603027344
875,,,0.2989768981933594,0.5061626434326172,0.29587745666503906,0.6279945373535156
876,,,0.2930164337158203,0.5040168762207031,0.2892017364501953,0.6930828094482422
877,,,0.31304359436035156,0.5040168762207031,0.3020763397216797,0.6361007690429688
878,,,0.29397010803222656,0.5030632019042969,0.2970695495605469,0.6361007690429688
879,,,0.2999305725097656,0.5669593811035156,0.3058910369873047,0.6530284881591797
880,,,0.30493736267089844,0.5500316619873047,0.2989768981933594,0.6461143493652344
881,,,0.29206275939941406,0.5011558532714844,0.2961158752441406,0.6368160247802734
882,,,0.28705596923828125,0.5011558532714844,0.3101825714111328,0.6430149078369141
883,,,0.2951622009277344,0.5218982696533203,0.2961158752441406,0.6310939788818359
884,,,0.2949237823486328,0.5550384521484375,0.2899169921875,0.6659030914306641
885,,,0.2868175506591797,0.4971027374267578,0.29206275939941406,0.6361007690429688
886,,,0.2880096435546875,0.5040168762207031,0.29397010803222656,0.6418228149414062
887,,,0.308990478515625,0.5028247833251953,0.3230571746826172,0.6358623504638672
888,,,0.28705596923828125,0.5028247833251953,0.3039836883544922,0.6461143493652344
889,,,0.28705596923828125,0.5431175231933594,0.28896331787109375,0.6511211395263672
890,,,0.2930164337158203,0.5028247833251953,0.2970695495605469,0.640869140625
891,,,0.28514862060546875,0.5040168762207031,0.2880096435546875,0.6349086761474609
892,,,0.30112266540527344,0.5090236663818359,0.2880096435546875,0.6430149078369141
893,,,0.28586387634277344,0.49591064453125,0.2930164337158203,0.6380081176757812
894,,,0.32401084899902344,0.5421638488769531,0.30303001403808594,0.6361007690429688
895,,,0.28586387634277344,0.5040168762207031,0.2961158752441406,0.6990432739257812
896,,,0.2930164337158203,0.5271434783935547,0.2899169921875,0.6420612335205078
897,,,0.2961158752441406,0.5180835723876953,0.29587745666503906,0.6780624389648438
898,,,0.3018379211425781,0.5109310150146484,0.308990478515625,0.6458759307861328
899,,,0.2918243408203125,0.5850791931152344,0.3120899200439453,0.6899833679199219
900,,,0.308990478515625,0.5121231079101562,0.2949237823486328,0.640869140625
901,,,0.29397010803222656,0.5528926849365234,0.2880096435546875,0.6780624389648438
902,,,0.32210350036621094,0.5078315734863281,0.28896331787109375,0.6380081176757812
903,,,0.2880096435546875,0.5040168762207031,0.3020763397216797,0.6868839263916016
904,,,0.30994415283203125,0.5059242248535156,0.32520294189453125,0.6389617919921875
905,,,0.2942085266113281,0.5130767822265625,0.29015541076660156,0.6439685821533203
906,,,0.2868175506591797,0.5030632019042969,0.2961158752441406,0.6299018859863281
907,,,0.29397010803222656,0.51116943359375,0.2949237823486328,0.6890296936035156
908,,,0.2949237823486328,0.6089210510253906,0.29397010803222656,0.6310939788818359
909,,,0.29277801513671875,0.5280971527099609,0.30112266540527344,0.6349086761474609
910,,,0.2930164337158203,0.5068778991699219,0.2892017364501953,0.6320476531982422
911,,,0.3261566162109375,0.5052089691162109,0.2951622009277344,0.698089599609375
912,,,0.2949237823486328,0.5021095275878906,0.2949237823486328,0.6451606750488281
913,,,0.2949237823486328,0.5860328674316406,0.3249645233154297,0.6361007690429688
914,,,0.28705596923828125,0.5059242248535156,0.29397010803222656,0.6291866302490234
915,,,0.30612945556640625,0.5140304565429688,0.31495094299316406,0.6840229034423828
916,,,0.29397010803222656,0.5030632019042969,0.30112266540527344,0.6368160247802734
917,,,0.34308433532714844,0.6160736083984375,0.2961158752441406,0.6849765777587891
918,,,0.308990478515625,0.5440711975097656,0.28896331787109375,0.6330013275146484
919,,,0.29397010803222656,0.5059242248535156,0.2949237823486328,0.7379055023193359
920,,,0.3120899200439453,0.5040168762207031,0.3027915954589844,0.6420612335205078
921,,,0.2951622009277344,0.5040168762207031,0.3170967102050781,0.6349086761474609
922,,,0.2999305725097656,0.5090236663818359,0.2970695495605469,0.6270408630371094
923,,,0.2989768981933594,0.5419254302978516,0.2880096435546875,0.6999969482421875
924,,,0.2961158752441406,0.5118846893310547,0.3020763397216797,0.637054443359375
925,,,0.2930164337158203,0.4971027374267578,0.2930164337158203,0.6380081176757812
926,,,0.28586387634277344,0.5021095275878906,0.3018379211425781,0.7350444793701172
927,,,0.286102294921875,0.5018711090087891,0.2880096435546875,0.6659030914306641
928,,,0.32711029052734375,0.5500316619873047,0.2961158752441406,0.6539821624755859
929,,,0.2949237823486328,0.5440711975097656,0.28896331787109375,0.6418228149414062
930,,,0.2999305725097656,0.5030632019042969,0.3190040588378906,0.8361339569091797
931,,,0.28705596923828125,0.5040168762207031,0.2961158752441406,0.6418228149414062
932,,,0.2999305725097656,0.5090236663818359,0.31113624572753906,0.6330013275146484
933,,,0.2951622009277344,0.5509853363037109,0.28896331787109375,0.6389617919921875
934,,,0.3008842468261719,0.5059242248535156,0.2942085266113281,0.7140636444091797
935,,,0.286102294921875,0.5028247833251953,0.3020763397216797,0.6480216979980469
936,,,0.2930164337158203,0.5018711090087891,0.3190040588378906,0.6339550018310547
937,,,0.34499168395996094,0.5099773406982422,0.28777122497558594,0.6411075592041016
938,,,0.2951622009277344,0.5450248718261719,0.3180503845214844,0.7259845733642578
939,,,0.30112266540527344,0.5099773406982422,0.2911090850830078,0.6389617919921875
940,,,0.2930164337158203,0.5049705505371094,0.2880096435546875,0.6361007690429688
941,,,0.2930164337158203,0.4971027374267578,0.2880096435546875,0.6330013275146484
942,,,0.28705596923828125,0.5021095275878906,0.28896331787109375,0.6949901580810547
943,,,0.2930164337158203,0.5438327789306641,0.28705596923828125,0.6380081176757812
944,,,0.2961158752441406,0.5040168762207031,0.3161430358886719,0.6451606750488281
945,,,0.29397010803222656,0.5090236663818359,0.2880096435546875,0.6258487701416016
946,,,0.2951622009277344,0.5319118499755859,0.2880096435546875,0.6961822509765625
947,,,0.3020763397216797,0.5090236663818359,0.3228187561035156,0.6291866302490234
948,,,0.2868175506591797,0.5590915679931641,0.3039836883544922,0.637054443359375
949,,,0.29206275939941406,0.5040168762207031,0.2868175506591797,0.6339550018310547
950,,,0.2918243408203125,0.5021095275878906,0.29087066650390625,0.7331371307373047
951,,,0.28586387634277344,0.5049705505371094,0.29015541076660156,0.6411075592041016
952,,,0.2961158752441406,0.5040168762207031,0.2880096435546875,0.6439685821533203
953,,,0.30994415283203125,0.5519390106201172,0.2999305725097656,0.6270408630371094
954,,,0.3349781036376953,0.5080699920654297,0.29015541076660156,0.6899833679199219
955,,,0.29087066650390625,0.5030632019042969,0.28705596923828125,0.637054443359375
956,,,0.30112266540527344,0.5109310150146484,0.2899169921875,0.6439685821533203
957,,,0.29397010803222656,0.5230903625488281,0.2899169921875,0.6389617919921875
958,,,0.30112266540527344,0.5459785461425781,0.2911090850830078,0.6940364837646484
959,,,0.2880096435546875,0.49996376037597656,0.29015541076660156,0.6458759307861328
960,,,0.2930164337158203,0.5018711090087891,0.28896331787109375,0.6399154663085938
961,,,0.2930164337158203,0.5021095275878906,0.2880096435546875,0.6310939788818359
962,,,0.3008842468261719,0.5369186401367188,0.2899169921875,0.6389617919921875
963,,,0.2880096435546875,0.537872314453125,0.2880096435546875,0.6358623504638672
964,,,0.30303001403808594,0.5130767822265625,0.3190040588378906,0.6389617919921875
965,,,0.286102294921875,0.5009174346923828,0.30803680419921875,0.6270408630371094
966,,,0.2930164337158203,0.5009174346923828,0.28896331787109375,0.6630420684814453
967,,,0.28705596923828125,0.5028247833251953,0.28896331787109375,0.698089599609375
968,,,0.2880096435546875,0.5421638488769531,0.28896331787109375,0.6461143493652344
969,,,0.29397010803222656,0.49495697021484375,0.2880096435546875,0.6430149078369141
970,,,0.3039836883544922,0.4971027374267578,0.2911090850830078,0.6389617919921875
971,,,0.3330707550048828,0.5190372467041016,0.28896331787109375,0.6349086761474609
972,,,0.28777122497558594,0.5040168762207031,0.3840923309326172,0.6358623504638672
973,,,0.29397010803222656,0.5459785461425781,0.4229545593261719,0.6320476531982422
974,,,0.286102294921875,0.5018711090087891,0.4029273986816406,0.6470680236816406
975,,,0.28705596923828125,0.5018711090087891,0.3490447998046875,0.6349086761474609
976,,,0.28705596923828125,0.5021095275878906,0.29206275939941406,0.6430149078369141
977,,,0.29206275939941406,0.5130767822265625,0.36406517028808594,0.7090568542480469
978,,,0.2880096435546875,0.5621910095214844,0.29015541076660156,0.6470680236816406
979,,,0.2980232238769531,0.5390644073486328,0.29206275939941406,0.6301403045654297
980,,,0.32591819763183594,0.4971027374267578,0.3180503845214844,0.6358623504638672
981,,,0.3020763397216797,0.5018711090087891,0.308990478515625,0.698089599609375
982,,,0.2942085266113281,0.5049705505371094,0.29206275939941406,0.6508827209472656
983,,,0.2880096435546875,0.5791187286376953,0.2930164337158203,0.637054443359375
984,,,0.2949237823486328,0.5030632019042969,0.29206275939941406,0.6740093231201172
985,,,0.2980232238769531,0.49591064453125,0.3039836883544922,0.6759166717529297
986,,,0.30493736267089844,0.5099773406982422,0.2911090850830078,0.6477832794189453
987,,,0.2930164337158203,0.4990100860595703,0.29015541076660156,0.6439685821533203
988,,,0.2989768981933594,0.5459785461425781,0.2899169921875,0.9541511535644531
989,,,0.28896331787109375,0.49686431884765625,0.2911090850830078,0.31495094299316406
990,,,0.286102294921875,0.49805641174316406,0.29087066650390625,0.3001689910888672
991,,,0.286102294921875,0.33211708068847656,0.29015541076660156,0.2980232238769531
992,,,0.29397010803222656,0.28705596923828125,0.370025634765625,0.2968311309814453
993,,,0.2970695495605469,0.2849102020263672,0.4260540008544922,0.30303001403808594
994,,,0.3001689910888672,0.28896331787109375,0.4038810729980469,0.2970695495605469
995,,,0.28705596923828125,0.30112266540527344,0.3609657287597656,0.29087066650390625
996,,,0.2999305725097656,0.28705596923828125,0.3020763397216797,0.2930164337158203
997,,,0.32019615173339844,0.28586387634277344,0.2911090850830078,0.31185150146484375
998,,,0.30303001403808594,0.2849102020263672,0.32806396484375,0.2930164337158203
999,,,0.2930164337158203,0.30803680419921875,0.2930164337158203,0.3039836883544922
1000,,,0.308990478515625,0.2930164337158203,0.29206275939941406,0.3058910369873047
